{
"vfeff": "Feff8L (EXAFS)",
"vf85e": " 0.1",
"ntitle": 12,
"title": [
    "name:     cobalt                               Feff8L (EXAFS)       0.1",
    "formula:  Co",
    "sites:    Co1",
    "refer1:   Kittel, ISSP",
    "refer2:",
    "schoen:",
    "notes1:   metal, hexagonal close packed (hcp)",
    "POT  Non-SCF, core-hole, AFOLP (folp(0)= 1.150)",
    "Abs   Z=27 Rmt= 1.332 Rnm= 1.369 K  shell",
    "Pot 1 Z=27 Rmt= 1.344 Rnm= 1.383",
    "Gam_ch=1.436E+00 H-L exch",
    "Mu=-1.181E+01 kf=2.060E+00 Vint=-2.798E+01 Rs_int= 1.761"
  ],
"s02": 0.9465857223948554E+000,
"erelax": 0.2546043904794700E+001,
"wp": 0.7414285795134361E+000,
"edge": -0.4340803289171641E+000,
"emu": 0.2836875889142497E+003,
"gamach": 0.1436230880628101E+001,
"ne": 80,
"ne1": 59,
"ik0": 1,
"ereal": [
    -0.1181192739385352E+002,
    -0.1177382757304208E+002,
    -0.1165952811060776E+002,
    -0.1146902900655055E+002,
    -0.1120233026087047E+002,
    -0.1085943187356751E+002,
    -0.1044033384464166E+002,
    -0.9945036174092930E+001,
    -0.9373538861921322E+001,
    -0.8725841908126831E+001,
    -0.8001945312709459E+001,
    -0.7201849075669208E+001,
    -0.6325553197006073E+001,
    -0.5373057676720058E+001,
    -0.4344362514811162E+001,
    -0.3239467711279385E+001,
    -0.2058373266124727E+001,
    -0.8010791793471871E+000,
    0.5324145490532338E+000,
    0.1942107919076534E+001,
    0.3428000930722720E+001,
    0.6628385878883728E+001,
    0.1013356939353626E+002,
    0.1394355147468033E+002,
    0.1805833212231591E+002,
    0.2247791133644302E+002,
    0.2720228911706165E+002,
    0.3223146546417181E+002,
    0.3756544037777350E+002,
    0.4320421385786670E+002,
    0.4914778590445144E+002,
    0.5539615651752769E+002,
    0.6194932569709550E+002,
    0.6880729344315478E+002,
    0.7597005975570565E+002,
    0.8343762463474796E+002,
    0.9120998808028187E+002,
    0.9928715009230724E+002,
    0.1076691106708242E+003,
    0.1163558698158326E+003,
    0.1253474275273326E+003,
    0.1491598155344830E+003,
    0.1748771945822054E+003,
    0.2024995646704999E+003,
    0.2320269257993663E+003,
    0.2634592779688049E+003,
    0.2967966211788154E+003,
    0.3320389554293979E+003,
    0.3691862807205524E+003,
    0.4491959044245777E+003,
    0.5368254922908911E+003,
    0.6320750443194925E+003,
    0.7349445605103822E+003,
    0.8454340408635600E+003,
    0.9635434853790259E+003,
    0.1089272894056780E+004,
    0.1222622266896822E+004,
    0.1363591603899152E+004,
    0.1512180905063770E+004,
    -0.1181192739385352E+002,
    -0.1181192739385352E+002,
    -0.1181192739385352E+002,
    -0.1181192739385352E+002,
    -0.1181192739385352E+002,
    -0.1181192739385352E+002,
    -0.1181192739385352E+002,
    -0.1181192739385352E+002,
    -0.1181192739385352E+002,
    -0.1181192739385352E+002,
    -0.1181192739385352E+002,
    -0.1181192739385352E+002,
    -0.1181192739385352E+002,
    -0.1181192739385352E+002,
    -0.1181192739385352E+002,
    -0.1181192739385352E+002,
    -0.1181192739385352E+002,
    -0.1181192739385352E+002,
    -0.1181192739385352E+002,
    -0.1181192739385352E+002,
    -0.1181192739385352E+002
  ],
"eimag": [
    0.7181154403140505E+000,
    0.7181154403140505E+000,
    0.7181154403140505E+000,
    0.7181154403140505E+000,
    0.7181154403140505E+000,
    0.7181154403140505E+000,
    0.7181154403140505E+000,
    0.7181154403140505E+000,
    0.7181154403140505E+000,
    0.7181154403140505E+000,
    0.7181154403140505E+000,
    0.7181154403140505E+000,
    0.7181154403140505E+000,
    0.7181154403140505E+000,
    0.7181154403140505E+000,
    0.7181154403140505E+000,
    0.7181154403140505E+000,
    0.7181154403140505E+000,
    0.7181154403140505E+000,
    0.7181154403140505E+000,
    0.7181154403140505E+000,
    0.7181154403140505E+000,
    0.7181154403140505E+000,
    0.7181154403140505E+000,
    0.7181154403140505E+000,
    0.7181154403140505E+000,
    0.7181154403140505E+000,
    0.7181154403140505E+000,
    0.7181154403140505E+000,
    0.7181154403140505E+000,
    0.7181154403140505E+000,
    0.7181154403140505E+000,
    0.7181154403140505E+000,
    0.7181154403140505E+000,
    0.7181154403140505E+000,
    0.7181154403140505E+000,
    0.7181154403140505E+000,
    0.7181154403140505E+000,
    0.7181154403140505E+000,
    0.7181154403140505E+000,
    0.7181154403140505E+000,
    0.7181154403140505E+000,
    0.7181154403140505E+000,
    0.7181154403140505E+000,
    0.7181154403140505E+000,
    0.7181154403140505E+000,
    0.7181154403140505E+000,
    0.7181154403140505E+000,
    0.7181154403140505E+000,
    0.7181154403140505E+000,
    0.7181154403140505E+000,
    0.7181154403140505E+000,
    0.7181154403140505E+000,
    0.7181154403140505E+000,
    0.7181154403140505E+000,
    0.7181154403140505E+000,
    0.7181154403140505E+000,
    0.7181154403140505E+000,
    0.7181154403140505E+000,
    0.5000000000000000E-002,
    0.1000000000000000E-001,
    0.1055671620693599E-001,
    0.1574876996349698E-001,
    0.2349440398901581E-001,
    0.3504953212717536E-001,
    0.5228775766809136E-001,
    0.7800416827354041E-001,
    0.1163685447494332E+000,
    0.1736014690857779E+000,
    0.2589829591289708E+000,
    0.3863571746968184E+000,
    0.5763771753236164E+000,
    0.8598537053044839E+000,
    0.1282750993931588E+001,
    0.1913639613671030E+001,
    0.2854814838059142E+001,
    0.4258883282609389E+001,
    0.6353507265368215E+001,
    0.9478319055119556E+001,
    0.1413999045855122E+002
  ],
"xsnorm": [
    0.2283508166256235E-003,
    0.2286422114948911E-003,
    0.2295086586691429E-003,
    0.2309315929884497E-003,
    0.2328774723181367E-003,
    0.2353029938423164E-003,
    0.2381534368892763E-003,
    0.2413650394799831E-003,
    0.2448672439795442E-003,
    0.2485833035428956E-003,
    0.2524329444214674E-003,
    0.2563344459664101E-003,
    0.2602057532243421E-003,
    0.2639687669415497E-003,
    0.2675484410368519E-003,
    0.2708756981824036E-003,
    0.2738908671705717E-003,
    0.2765430955367459E-003,
    0.2787932311926066E-003,
    0.2806144538245037E-003,
    0.2819927078739236E-003,
    0.2834114736843752E-003,
    0.2819543066530748E-003,
    0.2838778619955299E-003,
    0.2863300264162097E-003,
    0.2883281127305348E-003,
    0.2901691667587891E-003,
    0.2916312433747242E-003,
    0.2926042585745977E-003,
    0.2936409132332728E-003,
    0.2944673726991387E-003,
    0.2952675388081257E-003,
    0.2959593621860739E-003,
    0.2965159628962787E-003,
    0.2968003627183365E-003,
    0.2968543209748531E-003,
    0.2967342741833084E-003,
    0.2962424668031052E-003,
    0.2955477295438854E-003,
    0.2947119966026255E-003,
    0.2936530301133130E-003,
    0.2906454330446719E-003,
    0.2874101481501736E-003,
    0.2839501186616855E-003,
    0.2800483424898276E-003,
    0.2760031131697096E-003,
    0.2725414888910150E-003,
    0.2697851564798591E-003,
    0.2672879013959240E-003,
    0.2613948406256002E-003,
    0.2544070919591796E-003,
    0.2471826430716520E-003,
    0.2394132592647581E-003,
    0.2313002177480519E-003,
    0.2230827728383652E-003,
    0.2145824265809001E-003,
    0.2061777914893455E-003,
    0.1976513201352771E-003,
    0.1892037193534649E-003,
    0.2280586817571687E-003,
    0.2280587242714541E-003,
    0.2280587307583925E-003,
    0.2280588081815939E-003,
    0.2280589804878919E-003,
    0.2280593639636117E-003,
    0.2280602173996879E-003,
    0.2280621167484028E-003,
    0.2280663437717048E-003,
    0.2280757509169803E-003,
    0.2280966855730430E-003,
    0.2281432699308992E-003,
    0.2282469127786179E-003,
    0.2284774129147381E-003,
    0.2289895966916346E-003,
    0.2301255615544221E-003,
    0.2326342104359009E-003,
    0.2381217611449318E-003,
    0.2498699389481539E-003,
    0.2737983791957825E-003,
    0.3168594958530160E-003
  ],